{"schemaVersion":"1.0","appDefinitionTemplate":{"id":"/providers/Microsoft.PowerApps/apps/","type":"Microsoft.PowerApps/apps","tags":{"minimumRequiredApiVersion":"2.2.0","primaryDeviceWidth":"640","primaryDeviceHeight":"1136","sienaVersion":"20200409T163200Z-3.20023.8.0","deviceCapabilities":"location","supportsPortrait":"true","supportsLandscape":"false","primaryFormFactor":"Phone","publisherVersion":"3.20023.8","hasComponent":"false","hasUnlockedComponent":"false"},"properties":{"appVersion":"2020-04-09T16:32:00Z","lifeCycleId":"Published","createdByClientVersion":{"major":3,"minor":20023,"build":8,"revision":0,"majorRevision":0,"minorRevision":0},"minClientVersion":{"major":3,"minor":20023,"build":8,"revision":0,"majorRevision":0,"minorRevision":0},"backgroundColor":"rgba(126, 115, 95, 1)","backgroundImageUri":"/15812096454603284056/N2651bcb3-3d0a-45a4-b95b-ec40a906e6dd-logoSmallFile","displayName":"Power Treasure Hunt","description":"Power Apps Treasure Hunt\n\nA Power App to manage and facilitate tresasure hunts\n\nNo connection to external data sources\n\nBing Maps API key optional","commitMessage":"","appUris":{"documentUri":{"value":"/15812096454603284056/N95030151-84d9-451b-a703-beb98483abaa-document.msapp","readonlyValue":"/15812096454603284056/N95030151-84d9-451b-a703-beb98483abaa-document.msapp"},"imageUris":[]},"createdTime":"0001-01-01T00:00:00Z","lastModifiedTime":"0001-01-01T00:00:00Z","sharedGroupsCount":0,"sharedUsersCount":0,"icons":{"smallIconUri":"/15812096454603284056/Nefbb425c-bce6-4557-8670-55db18369c6c-small.png","mediumIconUri":"/15812096454603284056/Nc3c2c04d-d704-426f-ba53-bce786fe7460-medium.png","largeIconUri":"/15812096454603284056/Nbb39cea1-c481-462b-8c53-a91c30a2c461-large.png","wideIconUri":"/15812096454603284056/N94950cdb-d088-479b-af3d-36cda0ed0b37-wide.png"},"connectionReferences":{},"databaseReferences":{},"almMode":"Environment","performanceOptimizationEnabled":false},"isAppComponentLibrary":false,"appType":"ClassicCanvasApp","appComponents":[]}}