{"schemaVersion":"1.0","appDefinitionTemplate":{"id":"/providers/Microsoft.PowerApps/apps/","type":"Microsoft.PowerApps/apps","tags":{"minimumRequiredApiVersion":"2.2.0","primaryDeviceWidth":"640","primaryDeviceHeight":"1136","sienaVersion":"20200407T202134Z-3.20023.7.0","deviceCapabilities":"location","supportsPortrait":"true","supportsLandscape":"false","primaryFormFactor":"Phone","publisherVersion":"3.20023.7","hasComponent":"false","hasUnlockedComponent":"false"},"properties":{"appVersion":"2020-04-07T20:21:34Z","lifeCycleId":"Published","createdByClientVersion":{"major":3,"minor":20023,"build":7,"revision":0,"majorRevision":0,"minorRevision":0},"minClientVersion":{"major":3,"minor":20023,"build":7,"revision":0,"majorRevision":0,"minorRevision":0},"backgroundColor":"rgba(126, 115, 95, 1)","backgroundImageUri":"/15812096454603284056/N8bce9e80-2451-4dc9-9ec5-9d41fd4e0462-logoSmallFile","displayName":"Power Treasure Hunt","description":"Power Apps Treasure Hunt\n\nA Power App to manage and facilitate tresasure hunts\n\nNo connection to external data sources\n\nBing Maps API key optional","commitMessage":"","appUris":{"documentUri":{"value":"/15812096454603284056/N2e7c4d6e-c535-41e0-8854-8d9e3bdf0383-document.msapp","readonlyValue":"/15812096454603284056/N2e7c4d6e-c535-41e0-8854-8d9e3bdf0383-document.msapp"},"imageUris":[]},"createdTime":"0001-01-01T00:00:00Z","lastModifiedTime":"0001-01-01T00:00:00Z","sharedGroupsCount":0,"sharedUsersCount":0,"icons":{"smallIconUri":"/15812096454603284056/N73e83fa1-dd93-4c14-961a-4a5b0ac53aaf-small.png","mediumIconUri":"/15812096454603284056/N2b63231f-50d8-4362-be59-f8582c26c186-medium.png","largeIconUri":"/15812096454603284056/Nd341e4c3-5520-4e05-a1e0-f7c65d203395-large.png","wideIconUri":"/15812096454603284056/Nf7a5b5b1-0a8b-4fe3-8e54-f1c17b958efa-wide.png"},"connectionReferences":{},"databaseReferences":{},"almMode":"Environment","performanceOptimizationEnabled":false},"isAppComponentLibrary":false,"appType":"ClassicCanvasApp","appComponents":[]}}