{"schemaVersion":"1.0","appDefinitionTemplate":{"id":"/providers/Microsoft.PowerApps/apps/","type":"Microsoft.PowerApps/apps","tags":{"minimumRequiredApiVersion":"2.2.0","primaryDeviceWidth":"640","primaryDeviceHeight":"1136","sienaVersion":"20200407T204307Z-3.20023.7.0","deviceCapabilities":"location","supportsPortrait":"true","supportsLandscape":"false","primaryFormFactor":"Phone","publisherVersion":"3.20023.7","hasComponent":"false","hasUnlockedComponent":"false"},"properties":{"appVersion":"2020-04-07T20:43:07Z","lifeCycleId":"Published","createdByClientVersion":{"major":3,"minor":20023,"build":7,"revision":0,"majorRevision":0,"minorRevision":0},"minClientVersion":{"major":3,"minor":20023,"build":7,"revision":0,"majorRevision":0,"minorRevision":0},"backgroundColor":"rgba(126, 115, 95, 1)","backgroundImageUri":"/15812096454603284056/N1d6b4250-fe41-4d78-9007-2a223d67c268-logoSmallFile","displayName":"Power Treasure Hunt","description":"Power Apps Treasure Hunt\n\nA Power App to manage and facilitate tresasure hunts\n\nNo connection to external data sources\n\nBing Maps API key optional","commitMessage":"","appUris":{"documentUri":{"value":"/15812096454603284056/N3e1f49e0-5121-4d08-a3ea-f5448bad4987-document.msapp","readonlyValue":"/15812096454603284056/N3e1f49e0-5121-4d08-a3ea-f5448bad4987-document.msapp"},"imageUris":[]},"createdTime":"0001-01-01T00:00:00Z","lastModifiedTime":"0001-01-01T00:00:00Z","sharedGroupsCount":0,"sharedUsersCount":0,"icons":{"smallIconUri":"/15812096454603284056/Ndbe73ee8-5577-4230-8590-0a2a03ce1a66-small.png","mediumIconUri":"/15812096454603284056/N5ca66400-3d23-477a-9cb7-a1dd96b4684e-medium.png","largeIconUri":"/15812096454603284056/N7c9c58a3-c47c-4c9b-81e6-d03c114c5fb5-large.png","wideIconUri":"/15812096454603284056/N03702f51-08b1-4bbe-b978-b88a60f391cc-wide.png"},"connectionReferences":{},"databaseReferences":{},"almMode":"Environment","performanceOptimizationEnabled":false},"isAppComponentLibrary":false,"appType":"ClassicCanvasApp","appComponents":[]}}