{"schemaVersion":"1.0","appDefinitionTemplate":{"id":"/providers/Microsoft.PowerApps/apps/","type":"Microsoft.PowerApps/apps","tags":{"minimumRequiredApiVersion":"2.2.0","primaryDeviceWidth":"640","primaryDeviceHeight":"1136","sienaVersion":"20200407T215353Z-3.20023.8.0","deviceCapabilities":"location","supportsPortrait":"true","supportsLandscape":"false","primaryFormFactor":"Phone","publisherVersion":"3.20023.8","hasComponent":"false","hasUnlockedComponent":"false"},"properties":{"appVersion":"2020-04-07T21:53:53Z","lifeCycleId":"Published","createdByClientVersion":{"major":3,"minor":20023,"build":8,"revision":0,"majorRevision":0,"minorRevision":0},"minClientVersion":{"major":3,"minor":20023,"build":8,"revision":0,"majorRevision":0,"minorRevision":0},"backgroundColor":"rgba(126, 115, 95, 1)","backgroundImageUri":"/15812096454603284056/Nedc04c9b-c679-4c7d-a379-6ee370bb95d7-logoSmallFile","displayName":"Power Treasure Hunt","description":"Power Apps Treasure Hunt\n\nA Power App to manage and facilitate tresasure hunts\n\nNo connection to external data sources\n\nBing Maps API key optional","commitMessage":"","appUris":{"documentUri":{"value":"/15812096454603284056/N477a7393-119d-485d-a9d1-a377337d7efd-document.msapp","readonlyValue":"/15812096454603284056/N477a7393-119d-485d-a9d1-a377337d7efd-document.msapp"},"imageUris":[]},"createdTime":"0001-01-01T00:00:00Z","lastModifiedTime":"0001-01-01T00:00:00Z","sharedGroupsCount":0,"sharedUsersCount":0,"icons":{"smallIconUri":"/15812096454603284056/Nb7cbde94-cd68-45f1-b4c3-2a5a4e386797-small.png","mediumIconUri":"/15812096454603284056/Nb49805b4-0f8f-4d35-9c19-4cd8bc906792-medium.png","largeIconUri":"/15812096454603284056/Ne6ea9af6-0eba-4682-8455-801fc6928541-large.png","wideIconUri":"/15812096454603284056/N93e98101-5840-4ab7-9b78-0640b5e00862-wide.png"},"connectionReferences":{},"databaseReferences":{},"almMode":"Environment","performanceOptimizationEnabled":false},"isAppComponentLibrary":false,"appType":"ClassicCanvasApp","appComponents":[]}}