{"schemaVersion":"1.0","appDefinitionTemplate":{"id":"/providers/Microsoft.PowerApps/apps/","type":"Microsoft.PowerApps/apps","tags":{"minimumRequiredApiVersion":"2.2.0","primaryDeviceWidth":"640","primaryDeviceHeight":"1136","sienaVersion":"20200408T093011Z-3.20023.8.0","deviceCapabilities":"location","supportsPortrait":"true","supportsLandscape":"false","primaryFormFactor":"Phone","publisherVersion":"3.20023.8","hasComponent":"false","hasUnlockedComponent":"false"},"properties":{"appVersion":"2020-04-08T09:30:11Z","lifeCycleId":"Published","createdByClientVersion":{"major":3,"minor":20023,"build":8,"revision":0,"majorRevision":0,"minorRevision":0},"minClientVersion":{"major":3,"minor":20023,"build":8,"revision":0,"majorRevision":0,"minorRevision":0},"backgroundColor":"rgba(126, 115, 95, 1)","backgroundImageUri":"/15812096454603284056/N0a6f56f8-f99b-448e-8bcc-632ed8e162a9-logoSmallFile","displayName":"Power Treasure Hunt","description":"Power Apps Treasure Hunt\n\nA Power App to manage and facilitate tresasure hunts\n\nNo connection to external data sources\n\nBing Maps API key optional","commitMessage":"","appUris":{"documentUri":{"value":"/15812096454603284056/N03eaba12-8c95-42fe-ac96-015b7b6dccfa-document.msapp","readonlyValue":"/15812096454603284056/N03eaba12-8c95-42fe-ac96-015b7b6dccfa-document.msapp"},"imageUris":[]},"createdTime":"0001-01-01T00:00:00Z","lastModifiedTime":"0001-01-01T00:00:00Z","sharedGroupsCount":0,"sharedUsersCount":0,"icons":{"smallIconUri":"/15812096454603284056/N20eb8160-8d6d-4241-86d2-ecefe33121f9-small.png","mediumIconUri":"/15812096454603284056/N49b11a2a-64f9-4ee9-90d5-b7b8b75f4e49-medium.png","largeIconUri":"/15812096454603284056/N22e35e6c-85ac-43a7-b0b8-4a1ed2dd3567-large.png","wideIconUri":"/15812096454603284056/N00a320dd-bb70-42a0-b871-39bc9ba0436f-wide.png"},"connectionReferences":{},"databaseReferences":{},"almMode":"Environment","performanceOptimizationEnabled":false},"isAppComponentLibrary":false,"appType":"ClassicCanvasApp","appComponents":[]}}